"","X.1","X","ID","Player","Season","Top.px...Location.","Left.px...location.","Date","Team","Opponent","Location","Quarter","Game_Clock","Outcome..1.if.made..0.otherwise.","Shot_Value","Shot_Distance.ft.","Team_Score","Opponent_Score"
"716",716,716,"abdursh01","Shareef Abdur-Rahim",2001,"312",251,112000,"VAN","DEN","HOME","3","8:10",0,3,26,56,60
"719",719,719,"abdursh01","Shareef Abdur-Rahim",2001,"312",264,112000,"VAN","DEN","HOME","4","9:12",0,3,26,73,75
"720",720,720,"abdursh01","Shareef Abdur-Rahim",2001,"379",302,112000,"VAN","DEN","HOME","4","0:00",0,3,33,92,95
"819",819,819,"abdursh01","Shareef Abdur-Rahim",2001,"314",232,120100,"VAN","IND","HOME","4","00:21.2",1,3,26,76,76
"821",821,821,"abdursh01","Shareef Abdur-Rahim",2001,"314",239,120100,"VAN","IND","HOME","1OT","1:00",0,3,26,76,82
"903",903,903,"abdursh01","Shareef Abdur-Rahim",2001,"295",234,121300,"VAN","SEA","HOME","4","4:22",0,3,25,86,91
"917",917,917,"abdursh01","Shareef Abdur-Rahim",2001,"297",239,121500,"VAN","LAL","AWAY","3","3:24",0,3,25,50,68
"934",934,934,"abdursh01","Shareef Abdur-Rahim",2001,"318",228,121700,"VAN","ORL","HOME","4","1:22",0,3,27,91,97
"997",997,997,"abdursh01","Shareef Abdur-Rahim",2001,"299",213,122900,"VAN","POR","AWAY","2","7:05",0,3,25,27,32
"1079",1079,1079,"abdursh01","Shareef Abdur-Rahim",2001,"373",251,10901,"VAN","DEN","HOME","1","0:00",0,3,32,28,27
"1341",1341,1341,"abdursh01","Shareef Abdur-Rahim",2001,"299",213,21301,"VAN","BOS","HOME","2","8:05",0,3,25,30,30
"1439",1439,1439,"abdursh01","Shareef Abdur-Rahim",2001,"322",279,22301,"VAN","MIL","AWAY","4","2:45",0,3,27,81,91
"1507",1507,1507,"abdursh01","Shareef Abdur-Rahim",2001,"293",234,30501,"VAN","SAS","HOME","1","7:43",0,3,24,8,9
"1772",1772,1772,"abdursh01","Shareef Abdur-Rahim",2001,"301",239,40701,"VAN","DEN","AWAY","4","1:08",1,3,25,95,97
"1795",1795,1795,"abdursh01","Shareef Abdur-Rahim",2001,"299",230,41201,"VAN","POR","HOME","2","00:32.9",0,3,25,39,40
"1893",1893,1893,"abdursh01","Shareef Abdur-Rahim",2002,"291",175,103001,"ATL","HOU","AWAY","1OT","00:17.9",0,3,25,80,85
"1898",1898,1898,"abdursh01","Shareef Abdur-Rahim",2002,"343",256,110101,"ATL","WAS","HOME","2","00:00.2",0,3,29,53,49
"1911",1911,1911,"abdursh01","Shareef Abdur-Rahim",2002,"293",192,110101,"ATL","WAS","HOME","4","00:25.8",0,3,25,86,93
"2148",2148,2148,"abdursh01","Shareef Abdur-Rahim",2002,"309",236,120101,"ATL","TOR","HOME","4","2:29",1,3,26,97,98
"2154",2154,2154,"abdursh01","Shareef Abdur-Rahim",2002,"442",243,120501,"ATL","SAS","HOME","1","00:00.1",0,3,39,20,32
"2157",2157,2157,"abdursh01","Shareef Abdur-Rahim",2002,"301",230,120501,"ATL","SAS","HOME","3","11:35",0,3,25,46,70
"2181",2181,2181,"abdursh01","Shareef Abdur-Rahim",2002,"295",207,121101,"ATL","PHI","HOME","4","5:32",1,3,25,79,79
"2235",2235,2235,"abdursh01","Shareef Abdur-Rahim",2002,"295",317,121901,"ATL","WAS","AWAY","3","10:54",0,3,26,33,51
"2284",2284,2284,"abdursh01","Shareef Abdur-Rahim",2002,"320",262,122601,"ATL","MIL","AWAY","3","6:40",0,3,27,65,64
"2367",2367,2367,"abdursh01","Shareef Abdur-Rahim",2002,"322",247,10802,"ATL","POR","HOME","1","00:02.2",1,3,27,28,24
"2659",2659,2659,"abdursh01","Shareef Abdur-Rahim",2002,"314",236,21502,"ATL","LAL","AWAY","4","1:25",0,3,26,89,86
"2785",2785,2785,"abdursh01","Shareef Abdur-Rahim",2002,"299",310,30402,"ATL","MEM","HOME","3","1:33",0,3,26,68,51
"2846",2846,2846,"abdursh01","Shareef Abdur-Rahim",2002,"303",236,31302,"ATL","DEN","HOME","2","9:48",1,3,25,37,28
"2856",2856,2856,"abdursh01","Shareef Abdur-Rahim",2002,"307",198,31502,"ATL","PHO","HOME","1","8:07",1,3,26,5,8
"2862",2862,2862,"abdursh01","Shareef Abdur-Rahim",2002,"293",184,31502,"ATL","PHO","HOME","2","00:34.9",1,3,25,54,40
"2925",2925,2925,"abdursh01","Shareef Abdur-Rahim",2002,"291",243,32402,"ATL","NJN","AWAY","2","9:32",0,3,24,31,32
"2951",2951,2951,"abdursh01","Shareef Abdur-Rahim",2002,"314",236,32802,"ATL","TOR","HOME","1","9:27",0,3,26,4,4
"2971",2971,2971,"abdursh01","Shareef Abdur-Rahim",2002,"307",213,32802,"ATL","TOR","HOME","4","2:00",0,3,26,79,80
"2978",2978,2978,"abdursh01","Shareef Abdur-Rahim",2002,"291",251,32902,"ATL","MIA","AWAY","2","10:21",0,3,24,15,21
"3048",3048,3048,"abdursh01","Shareef Abdur-Rahim",2002,"284",180,40602,"ATL","CHH","HOME","4","1:23",0,3,24,82,89
"3078",3078,3078,"abdursh01","Shareef Abdur-Rahim",2002,"303",177,41002,"ATL","CHH","AWAY","3","8:13",0,3,26,54,50
"3116",3116,3116,"abdursh01","Shareef Abdur-Rahim",2002,"299",243,41302,"ATL","CLE","HOME","4","9:15",1,3,25,83,89
"3176",3176,3176,"abdursh01","Shareef Abdur-Rahim",2003,"310",238,103102,"ATL","UTA","HOME","4","7:16",0,3,26,84,72
"3181",3181,3181,"abdursh01","Shareef Abdur-Rahim",2003,"303",186,110202,"ATL","CHI","HOME","2","7:30",1,3,26,39,28
"3213",3213,3213,"abdursh01","Shareef Abdur-Rahim",2003,"290",173,110602,"ATL","PHO","AWAY","4","5:02",0,3,25,81,84
"3258",3258,3258,"abdursh01","Shareef Abdur-Rahim",2003,"313",191,111202,"ATL","LAL","AWAY","4","7:12",0,3,27,75,72
"3305",3305,3305,"abdursh01","Shareef Abdur-Rahim",2003,"295",227,112002,"ATL","MIN","HOME","3","1:39",1,3,25,63,78
"3308",3308,3308,"abdursh01","Shareef Abdur-Rahim",2003,"302",258,112202,"ATL","BOS","AWAY","1","2:18",0,3,25,17,17
"3325",3325,3325,"abdursh01","Shareef Abdur-Rahim",2003,"316",287,112202,"ATL","BOS","AWAY","2OT","1:52",0,3,27,96,102
"3341",3341,3341,"abdursh01","Shareef Abdur-Rahim",2003,"302",174,112602,"ATL","SEA","HOME","2","00:17.9",0,3,26,53,52
"3371",3371,3371,"abdursh01","Shareef Abdur-Rahim",2003,"297",241,112902,"ATL","MIA","HOME","1","5:41",0,3,25,9,9
"3389",3389,3389,"abdursh01","Shareef Abdur-Rahim",2003,"300",234,113002,"ATL","ORL","AWAY","2","8:40",1,3,25,38,42
"3410",3410,3410,"abdursh01","Shareef Abdur-Rahim",2003,"292",229,120502,"ATL","MIL","HOME","2","2:06",0,3,24,53,48
"3644",3644,3644,"abdursh01","Shareef Abdur-Rahim",2003,"307",184,11103,"ATL","NOH","HOME","3","7:38",1,3,26,54,48
"3689",3689,3689,"abdursh01","Shareef Abdur-Rahim",2003,"293",214,11703,"ATL","SAS","AWAY","2","00:02.3",1,3,24,42,49
"3728",3728,3728,"abdursh01","Shareef Abdur-Rahim",2003,"290",309,12003,"ATL","CHI","HOME","4","2:22",1,3,25,102,107
"3737",3737,3737,"abdursh01","Shareef Abdur-Rahim",2003,"292",181,12203,"ATL","POR","HOME","2","00:22.5",0,3,25,49,60
"3760",3760,3760,"abdursh01","Shareef Abdur-Rahim",2003,"307",222,12403,"ATL","SAC","HOME","2","0:04",0,3,26,49,57
"3812",3812,3812,"abdursh01","Shareef Abdur-Rahim",2003,"308",209,12903,"ATL","PHI","AWAY","2","00:54.2",1,3,26,54,33
"3856",3856,3856,"abdursh01","Shareef Abdur-Rahim",2003,"287",294,20303,"ATL","MIA","AWAY","4","2:15",0,3,24,77,93
"3905",3905,3905,"abdursh01","Shareef Abdur-Rahim",2003,"300",178,21403,"ATL","IND","AWAY","3","8:37",0,3,26,46,64
"3962",3962,3962,"abdursh01","Shareef Abdur-Rahim",2003,"313",237,22303,"ATL","GSW","AWAY","4","7:34",0,3,26,84,102
"4016",4016,4016,"abdursh01","Shareef Abdur-Rahim",2003,"295",225,30403,"ATL","DEN","HOME","1","11:31",0,3,25,0,0
"4077",4077,4077,"abdursh01","Shareef Abdur-Rahim",2003,"298",234,31003,"ATL","LAC","HOME","2","00:00.5",0,3,25,45,39
"4241",4241,4241,"abdursh01","Shareef Abdur-Rahim",2003,"300",281,40303,"ATL","WAS","HOME","2","7:04",0,3,25,41,32
"4270",4270,4270,"abdursh01","Shareef Abdur-Rahim",2003,"310",171,40503,"ATL","MEM","HOME","4","00:47.1",0,3,27,97,87
"4375",4375,4375,"abdursh01","Shareef Abdur-Rahim",2004,"313",176,110103,"ATL","IND","HOME","1","9:20",0,3,27,6,0
"4448",4448,4448,"abdursh01","Shareef Abdur-Rahim",2004,"303",201,111103,"ATL","LAC","AWAY","3","2:45",1,3,26,71,78
"4452",4452,4452,"abdursh01","Shareef Abdur-Rahim",2004,"308",246,111203,"ATL","PHO","AWAY","1","1:13",0,3,26,28,23
"4487",4487,4487,"abdursh01","Shareef Abdur-Rahim",2004,"307",212,111703,"ATL","WAS","HOME","4","00:28.4",1,3,26,95,102
"4547",4547,4547,"abdursh01","Shareef Abdur-Rahim",2004,"305",212,112403,"ATL","DET","HOME","4","8:51",0,3,26,73,73
"4590",4590,4590,"abdursh01","Shareef Abdur-Rahim",2004,"321",263,112903,"ATL","PHI","AWAY","3","7:56",0,3,27,51,54
"4626",4626,4626,"abdursh01","Shareef Abdur-Rahim",2004,"300",240,120603,"ATL","CLE","AWAY","1","6:40",0,3,25,14,11
"4735",4735,4735,"abdursh01","Shareef Abdur-Rahim",2004,"288",230,121703,"ATL","GSW","HOME","1","3:03",0,3,24,20,15
"4889",4889,4889,"abdursh01","Shareef Abdur-Rahim",2004,"290",248,11004,"ATL","UTA","AWAY","1","6:44",0,3,24,8,9
"5034",5034,5034,"abdursh01","Shareef Abdur-Rahim",2004,"305",191,12904,"ATL","POR","HOME","2","2:09",0,3,26,38,32
"5108",5108,5108,"abdursh01","Shareef Abdur-Rahim",2004,"307",224,20704,"ATL","HOU","HOME","3","00:01.9",0,3,26,62,51
"5178",5178,5178,"abdursh01","Shareef Abdur-Rahim",2004,"297",276,22004,"POR","GSW","AWAY","2","3:53",1,3,25,39,39
"5237",5237,5237,"abdursh01","Shareef Abdur-Rahim",2004,"292",243,30404,"POR","DET","HOME","2","7:12",0,3,24,22,33
"5367",5367,5367,"abdursh01","Shareef Abdur-Rahim",2004,"282",304,40304,"POR","NOH","HOME","4","5:56",0,3,24,72,86
"5459",5459,5459,"abdursh01","Shareef Abdur-Rahim",2005,"297",255,111004,"POR","BOS","AWAY","1","3:15",1,3,25,17,24
"5544",5544,5544,"abdursh01","Shareef Abdur-Rahim",2005,"290",229,113004,"POR","SEA","HOME","1","1:27",1,3,24,17,19
"5735",5735,5735,"abdursh01","Shareef Abdur-Rahim",2005,"303",269,30705,"POR","DEN","AWAY","2","1:20",0,3,25,50,52
"5807",5807,5807,"abdursh01","Shareef Abdur-Rahim",2005,"292",214,31705,"POR","DAL","AWAY","3","10:38",0,3,24,46,46
"5905",5905,5905,"abdursh01","Shareef Abdur-Rahim",2005,"285",196,33005,"POR","HOU","HOME","2","2:54",1,3,24,45,51
"5922",5922,5922,"abdursh01","Shareef Abdur-Rahim",2005,"308",240,40105,"POR","SEA","AWAY","4","1:06",0,3,26,85,88
"5990",5990,5990,"abdursh01","Shareef Abdur-Rahim",2005,"295",245,41005,"POR","NOH","AWAY","1","7:15",0,3,25,12,8
"5991",5991,5991,"abdursh01","Shareef Abdur-Rahim",2005,"323",271,41005,"POR","NOH","AWAY","1","3:02",0,3,27,18,20
"6029",6029,6029,"abdursh01","Shareef Abdur-Rahim",2005,"336",258,41505,"POR","GSW","AWAY","2","7:06",0,3,29,41,44
"6031",6031,6031,"abdursh01","Shareef Abdur-Rahim",2005,"300",320,41505,"POR","GSW","AWAY","2","1:57",0,3,26,51,58
"6038",6038,6038,"abdursh01","Shareef Abdur-Rahim",2005,"297",299,41505,"POR","GSW","AWAY","4","3:33",0,3,25,86,98
"6054",6054,6054,"abdursh01","Shareef Abdur-Rahim",2005,"282",166,41905,"POR","DEN","AWAY","2","10:09",0,3,24,32,28
"6153",6153,6153,"abdursh01","Shareef Abdur-Rahim",2006,"290",166,111305,"SAC","NYK","HOME","4","7:22",0,3,25,77,88
"6224",6224,6224,"abdursh01","Shareef Abdur-Rahim",2006,"302",244,113005,"SAC","GSW","AWAY","3","11:22",0,3,25,50,57
"6306",6306,6306,"abdursh01","Shareef Abdur-Rahim",2006,"303",243,121305,"SAC","MIN","AWAY","4","1:27",1,3,25,86,87
"6384",6384,6384,"abdursh01","Shareef Abdur-Rahim",2006,"293",274,122605,"SAC","POR","HOME","4","3:03",0,3,25,82,95
"6442",6442,6442,"abdursh01","Shareef Abdur-Rahim",2006,"292",189,20306,"SAC","UTA","AWAY","4","1:30",0,3,25,75,82
"6456",6456,6456,"abdursh01","Shareef Abdur-Rahim",2006,"418",255,21006,"SAC","PHO","AWAY","1","00:00.1",0,3,37,21,33
"6540",6540,6540,"abdursh01","Shareef Abdur-Rahim",2006,"292",235,31006,"SAC","MEM","HOME","2","4:33",0,3,24,40,36
"6772",6772,6772,"abdursh01","Shareef Abdur-Rahim",2007,"295",291,110606,"SAC","MIN","HOME","2","4:15",0,3,25,38,33
"6842",6842,6842,"abdursh01","Shareef Abdur-Rahim",2007,"293",240,111906,"SAC","SAS","HOME","4","8:02",0,3,24,85,95
"6883",6883,6883,"abdursh01","Shareef Abdur-Rahim",2007,"290",258,120106,"SAC","DAL","AWAY","1","5:06",0,3,24,12,22
"7116",7116,7116,"abdursh01","Shareef Abdur-Rahim",2007,"297",229,20507,"SAC","NOK","HOME","4","9:31",0,3,25,89,85
"7133",7133,7133,"abdursh01","Shareef Abdur-Rahim",2007,"303",230,21107,"SAC","SEA","HOME","1","5:48",0,3,25,13,18
"7220",7220,7220,"abdursh01","Shareef Abdur-Rahim",2007,"305",219,31107,"SAC","DEN","HOME","4","10:58",0,3,26,73,87
"7330",7330,7330,"abdursh01","Shareef Abdur-Rahim",2007,"298",237,40807,"SAC","HOU","HOME","1","10:16",0,3,25,2,2
"104441",104441,104441,"antetgi01","Giannis Antetokounmpo",2014,"297",298,111513,"MIL","IND","AWAY","4","1:53",1,3,25,75,97
"104491",104491,104491,"antetgi01","Giannis Antetokounmpo",2014,"304",202,121113,"MIL","SAS","HOME","4","9:55",0,3,26,58,94
"104502",104502,104502,"antetgi01","Giannis Antetokounmpo",2014,"281",299,121413,"MIL","DAL","AWAY","3","2:02",0,3,24,56,86
"104539",104539,104539,"antetgi01","Giannis Antetokounmpo",2014,"299",320,122713,"MIL","BRK","AWAY","4","3:28",1,3,26,86,97
"104559",104559,104559,"antetgi01","Giannis Antetokounmpo",2014,"288",183,10214,"MIL","UTA","AWAY","4","0:02",1,3,24,87,96
"104597",104597,104597,"antetgi01","Giannis Antetokounmpo",2014,"304",252,11814,"MIL","HOU","AWAY","1","8:01",1,3,25,10,13
"104646",104646,104646,"antetgi01","Giannis Antetokounmpo",2014,"304",202,13114,"MIL","ORL","AWAY","3","2:59",1,3,26,59,81
"104653",104653,104653,"antetgi01","Giannis Antetokounmpo",2014,"305",229,20114,"MIL","MEM","AWAY","4","6:37",0,3,26,73,80
"104692",104692,104692,"antetgi01","Giannis Antetokounmpo",2014,"304",304,22014,"MIL","DEN","HOME","4","2:35",1,3,26,84,94
"104724",104724,104724,"antetgi01","Giannis Antetokounmpo",2014,"304",298,30314,"MIL","UTA","HOME","4","4:11",0,3,26,110,81
"104729",104729,104729,"antetgi01","Giannis Antetokounmpo",2014,"299",252,30514,"MIL","SAC","HOME","4","11:43",1,3,25,77,95
"104736",104736,104736,"antetgi01","Giannis Antetokounmpo",2014,"296",312,30714,"MIL","NOP","AWAY","4","6:43",0,3,26,85,93
"104756",104756,104756,"antetgi01","Giannis Antetokounmpo",2014,"313",274,31514,"MIL","NYK","AWAY","4","8:41",1,3,27,73,95
"104779",104779,104779,"antetgi01","Giannis Antetokounmpo",2014,"300",282,32314,"MIL","SAC","AWAY","4","2:09",1,3,25,101,118
"104856",104856,104856,"antetgi01","Giannis Antetokounmpo",2015,"300",202,110114,"MIL","WAS","AWAY","3","1:56",0,3,25,65,77
"104868",104868,104868,"antetgi01","Giannis Antetokounmpo",2015,"313",240,110514,"MIL","CHI","HOME","2","5:03",0,3,26,39,37
"104915",104915,104915,"antetgi01","Giannis Antetokounmpo",2015,"300",244,111414,"MIL","ORL","AWAY","4","10:49",0,3,25,68,82
"104981",104981,104981,"antetgi01","Giannis Antetokounmpo",2015,"310",186,112614,"MIL","MIN","AWAY","2","0:00",0,3,27,51,47
"105050",105050,105050,"antetgi01","Giannis Antetokounmpo",2015,"289",195,120914,"MIL","OKC","AWAY","3","0:00",0,3,24,78,87
"105053",105053,105053,"antetgi01","Giannis Antetokounmpo",2015,"321",240,120914,"MIL","OKC","AWAY","4","0:00",1,3,27,101,114
"105107",105107,105107,"antetgi01","Giannis Antetokounmpo",2015,"291",181,122614,"MIL","ATL","AWAY","2","0:00",0,3,25,58,42
"105132",105132,105132,"antetgi01","Giannis Antetokounmpo",2015,"292",304,123114,"MIL","CLE","AWAY","4","0:06",1,3,25,96,80
"105253",105253,105253,"antetgi01","Giannis Antetokounmpo",2015,"322",250,20215,"MIL","TOR","AWAY","3","4:48",0,3,27,63,49
"105304",105304,105304,"antetgi01","Giannis Antetokounmpo",2015,"305",181,20915,"MIL","BRK","HOME","3","0:00",0,3,26,79,68
"105318",105318,105318,"antetgi01","Giannis Antetokounmpo",2015,"341",214,22015,"MIL","DEN","HOME","1","0:00",0,3,29,19,21
"105374",105374,105374,"antetgi01","Giannis Antetokounmpo",2015,"304",224,22815,"MIL","UTA","AWAY","4","0:01",0,3,25,75,82
"105429",105429,105429,"antetgi01","Giannis Antetokounmpo",2015,"434",230,31115,"MIL","ORL","HOME","3","0:01",0,3,38,72,72
"105596",105596,105596,"antetgi01","Giannis Antetokounmpo",2015,"316",246,41215,"MIL","BRK","HOME","2","0:00",0,3,27,43,41
"105613",105613,105613,"antetgi01","Giannis Antetokounmpo",2015,"409",302,41515,"MIL","BOS","HOME","1","0:00",0,3,36,25,22
"105716",105716,105716,"antetgi01","Giannis Antetokounmpo",2016,"287",298,110215,"MIL","BRK","AWAY","1","7:49",1,3,24,15,7
"105723",105723,105723,"antetgi01","Giannis Antetokounmpo",2016,"307",198,110215,"MIL","BRK","AWAY","3","11:38",0,3,26,59,48
"105852",105852,105852,"antetgi01","Giannis Antetokounmpo",2016,"299",298,112515,"MIL","SAC","HOME","1","11:31",0,3,25,0,1
"105955",105955,105955,"antetgi01","Giannis Antetokounmpo",2016,"309",264,121115,"MIL","TOR","AWAY","4","3:45",0,3,26,77,84
"105977",105977,105977,"antetgi01","Giannis Antetokounmpo",2016,"282",316,121515,"MIL","LAL","AWAY","4","2:06",0,3,24,93,113
"106058",106058,106058,"antetgi01","Giannis Antetokounmpo",2016,"309",185,123115,"MIL","IND","AWAY","3","10:59",0,3,26,59,52
"106068",106068,106068,"antetgi01","Giannis Antetokounmpo",2016,"294",249,10216,"MIL","MIN","AWAY","3","8:42",1,3,24,53,53
"106097",106097,106097,"antetgi01","Giannis Antetokounmpo",2016,"314",238,10516,"MIL","CHI","AWAY","4","1:20",0,3,26,104,115
"106545",106545,106545,"antetgi01","Giannis Antetokounmpo",2016,"302",286,32116,"MIL","DET","AWAY","3","1:00",0,3,25,72,63
"106561",106561,106561,"antetgi01","Giannis Antetokounmpo",2016,"299",184,32316,"MIL","CLE","AWAY","3","6:14",0,3,25,73,78
"106580",106580,106580,"antetgi01","Giannis Antetokounmpo",2016,"297",282,32516,"MIL","ATL","AWAY","4","0:21",0,3,25,90,99
"106629",106629,106629,"antetgi01","Giannis Antetokounmpo",2016,"343",228,40316,"MIL","CHI","HOME","4","0:11",1,3,29,96,100
"106645",106645,106645,"antetgi01","Giannis Antetokounmpo",2016,"323",240,40516,"MIL","CLE","HOME","3","0:47",1,3,27,67,91
"106651",106651,106651,"antetgi01","Giannis Antetokounmpo",2016,"292",291,40816,"MIL","BOS","AWAY","1","7:54",1,3,24,15,9
"106653",106653,106653,"antetgi01","Giannis Antetokounmpo",2016,"292",169,40816,"MIL","BOS","AWAY","1","3:09",1,3,25,30,19
"106667",106667,106667,"antetgi01","Giannis Antetokounmpo",2016,"302",270,41016,"MIL","PHI","AWAY","3","10:02",0,3,25,64,49
"106672",106672,106672,"antetgi01","Giannis Antetokounmpo",2016,"319",216,41016,"MIL","PHI","AWAY","4","2:03",0,3,27,94,94
"106691",106691,106691,"antetgi01","Giannis Antetokounmpo",2016,"323",231,41316,"MIL","IND","HOME","3","4:13",1,3,27,64,73
"106695",106695,106695,"antetgi01","Giannis Antetokounmpo",2016,"338",210,41316,"MIL","IND","HOME","4","8:14",0,3,28,75,86
"106733",106733,106733,"antetgi01","Giannis Antetokounmpo",2017,"314",180,102916,"MIL","BRK","HOME","4","4:44",0,3,27,98,93
"106749",106749,106749,"antetgi01","Giannis Antetokounmpo",2017,"332",239,103016,"MIL","DET","AWAY","4","3:45",0,3,28,77,91
"106847",106847,106847,"antetgi01","Giannis Antetokounmpo",2017,"297",238,111616,"MIL","ATL","AWAY","3","10:57",0,3,25,35,54
"106873",106873,106873,"antetgi01","Giannis Antetokounmpo",2017,"302",273,111716,"MIL","MIA","AWAY","4","2:16",0,3,25,73,89
"106892",106892,106892,"antetgi01","Giannis Antetokounmpo",2017,"328",233,111916,"MIL","GSW","HOME","4","4:53",1,3,28,110,118
"106934",106934,106934,"antetgi01","Giannis Antetokounmpo",2017,"294",167,112716,"MIL","ORL","AWAY","3","0:29",1,3,25,77,71
"106976",106976,106976,"antetgi01","Giannis Antetokounmpo",2017,"304",195,120316,"MIL","BRK","HOME","3","3:41",0,3,26,68,61
"107007",107007,107007,"antetgi01","Giannis Antetokounmpo",2017,"319",218,120916,"MIL","ATL","HOME","4","11:25",0,3,27,92,86
"107025",107025,107025,"antetgi01","Giannis Antetokounmpo",2017,"302",316,121016,"MIL","WAS","AWAY","3","3:17",0,3,26,65,70
"107033",107033,107033,"antetgi01","Giannis Antetokounmpo",2017,"319",259,121216,"MIL","TOR","AWAY","1","6:45",0,3,27,11,16
"107070",107070,107070,"antetgi01","Giannis Antetokounmpo",2017,"302",282,121516,"MIL","CHI","HOME","3","9:35",0,3,26,68,50
"107079",107079,107079,"antetgi01","Giannis Antetokounmpo",2017,"302",184,121516,"MIL","CHI","HOME","4","2:48",0,3,26,103,95
"107083",107083,107083,"antetgi01","Giannis Antetokounmpo",2017,"287",278,121616,"MIL","CHI","AWAY","1","6:46",1,3,24,18,11
"107105",107105,107105,"antetgi01","Giannis Antetokounmpo",2017,"319",231,122016,"MIL","CLE","HOME","4","2:55",0,3,27,93,97
"107119",107119,107119,"antetgi01","Giannis Antetokounmpo",2017,"302",304,122116,"MIL","CLE","AWAY","3","0:20",0,3,26,77,89
"107193",107193,107193,"antetgi01","Giannis Antetokounmpo",2017,"307",228,123116,"MIL","CHI","AWAY","2","0:00",1,3,26,49,51
"107228",107228,107228,"antetgi01","Giannis Antetokounmpo",2017,"289",280,10417,"MIL","NYK","AWAY","2","7:34",0,3,24,38,38
"107247",107247,107247,"antetgi01","Giannis Antetokounmpo",2017,"307",228,10617,"MIL","NYK","HOME","3","7:55",0,3,26,69,64
"107296",107296,107296,"antetgi01","Giannis Antetokounmpo",2017,"284",167,11517,"MIL","ATL","AWAY","4","1:48",0,3,24,96,106
"107313",107313,107313,"antetgi01","Giannis Antetokounmpo",2017,"319",236,11617,"MIL","PHI","HOME","4","5:48",0,3,27,86,94
"107325",107325,107325,"antetgi01","Giannis Antetokounmpo",2017,"302",300,11817,"MIL","HOU","AWAY","2","6:12",0,3,26,32,34
"107336",107336,107336,"antetgi01","Giannis Antetokounmpo",2017,"302",296,12017,"MIL","ORL","AWAY","1","11:04",0,3,26,2,0
"107433",107433,107433,"antetgi01","Giannis Antetokounmpo",2017,"309",300,12817,"MIL","BOS","HOME","3","4:43",1,3,27,69,76
"107443",107443,107443,"antetgi01","Giannis Antetokounmpo",2017,"284",162,20117,"MIL","UTA","AWAY","1","0:30",0,3,25,24,28
"107461",107461,107461,"antetgi01","Giannis Antetokounmpo",2017,"289",164,20317,"MIL","DEN","AWAY","4","2:53",1,3,25,112,113
"107476",107476,107476,"antetgi01","Giannis Antetokounmpo",2017,"307",273,20417,"MIL","PHO","AWAY","3","6:34",0,3,25,85,72
"107489",107489,107489,"antetgi01","Giannis Antetokounmpo",2017,"319",172,20817,"MIL","MIA","HOME","3","10:17",1,3,28,47,59
"107505",107505,107505,"antetgi01","Giannis Antetokounmpo",2017,"322",236,21017,"MIL","LAL","HOME","2","0:01",0,3,27,55,76
"107513",107513,107513,"antetgi01","Giannis Antetokounmpo",2017,"309",223,21017,"MIL","LAL","HOME","4","5:42",0,3,26,98,107
"107710",107710,107710,"antetgi01","Giannis Antetokounmpo",2017,"302",267,31317,"MIL","MEM","AWAY","3","8:52",0,3,25,56,72
"107798",107798,107798,"antetgi01","Giannis Antetokounmpo",2017,"307",238,32417,"MIL","ATL","HOME","1","10:07",1,3,25,5,4
"107810",107810,107810,"antetgi01","Giannis Antetokounmpo",2017,"319",190,32417,"MIL","ATL","HOME","3","5:44",0,3,27,58,60
"107839",107839,107839,"antetgi01","Giannis Antetokounmpo",2017,"309",185,32817,"MIL","CHO","AWAY","3","11:06",1,3,26,77,52
"107889",107889,107889,"antetgi01","Giannis Antetokounmpo",2017,"415",250,40217,"MIL","DAL","HOME","2","0:00",0,3,36,53,53
"107907",107907,107907,"antetgi01","Giannis Antetokounmpo",2017,"297",272,40417,"MIL","OKC","AWAY","3","6:59",0,3,24,44,70
"107915",107915,107915,"antetgi01","Giannis Antetokounmpo",2017,"302",203,40617,"MIL","IND","AWAY","1","2:58",0,3,25,17,17
"107927",107927,107927,"antetgi01","Giannis Antetokounmpo",2017,"307",239,40817,"MIL","PHI","AWAY","1","0:05",0,3,25,21,21
"107934",107934,107934,"antetgi01","Giannis Antetokounmpo",2017,"287",208,40817,"MIL","PHI","AWAY","3","7:48",0,3,23,51,52
"107987",107987,107987,"antetgi01","Giannis Antetokounmpo",2017,"322",244,41817,"MIL","TOR","AWAY","4","2:03",1,3,27,100,100
"108081",108081,108081,"antetgi01","Giannis Antetokounmpo",2018,"294",298,101817,"MIL","BOS","AWAY","4","5:06",0,3,25,91,89
"108107",108107,108107,"antetgi01","Giannis Antetokounmpo",2018,"323",216,102117,"MIL","POR","HOME","1","8:14",0,3,27,8,7
"108116",108116,108116,"antetgi01","Giannis Antetokounmpo",2018,"314",180,102117,"MIL","POR","HOME","3","8:09",0,3,27,65,65
"108120",108120,108120,"antetgi01","Giannis Antetokounmpo",2018,"322",168,102117,"MIL","POR","HOME","4","9:32",1,3,28,91,85
"108166",108166,108166,"antetgi01","Giannis Antetokounmpo",2018,"326",234,102617,"MIL","BOS","HOME","4","1:28",1,3,27,86,94
"108167",108167,108167,"antetgi01","Giannis Antetokounmpo",2018,"321",300,102617,"MIL","BOS","HOME","4","0:44",1,3,27,89,96
"108168",108168,108168,"antetgi01","Giannis Antetokounmpo",2018,"310",289,102617,"MIL","BOS","HOME","4","0:21",0,3,26,89,96
"108179",108179,108179,"antetgi01","Giannis Antetokounmpo",2018,"293",162,102917,"MIL","ATL","AWAY","2","0:37",0,3,25,61,48
"108191",108191,108191,"antetgi01","Giannis Antetokounmpo",2018,"317",248,103117,"MIL","OKC","HOME","1","7:34",0,3,26,8,8
"108200",108200,108200,"antetgi01","Giannis Antetokounmpo",2018,"324",243,103117,"MIL","OKC","HOME","3","2:28",1,3,27,58,77
"108204",108204,108204,"antetgi01","Giannis Antetokounmpo",2018,"303",252,110117,"MIL","CHO","AWAY","1","11:40",0,3,25,0,0
"108307",108307,108307,"antetgi01","Giannis Antetokounmpo",2018,"303",227,111117,"MIL","LAL","HOME","4","10:39",0,3,25,77,70
"108364",108364,108364,"antetgi01","Giannis Antetokounmpo",2018,"330",234,111817,"MIL","DAL","AWAY","3","2:43",0,3,28,61,75
"108383",108383,108383,"antetgi01","Giannis Antetokounmpo",2018,"311",171,112017,"MIL","WAS","HOME","3","3:04",0,3,26,61,64
"108447",108447,108447,"antetgi01","Giannis Antetokounmpo",2018,"315",184,120217,"MIL","SAC","HOME","1","2:52",0,3,27,27,15
"108537",108537,108537,"antetgi01","Giannis Antetokounmpo",2018,"345",237,120917,"MIL","UTA","HOME","4","4:29",1,3,29,101,88
"108570",108570,108570,"antetgi01","Giannis Antetokounmpo",2018,"306",169,121517,"MIL","CHI","HOME","2","1:55",0,3,26,56,56
"108797",108797,108797,"antetgi01","Giannis Antetokounmpo",2018,"321",226,11218,"MIL","GSW","HOME","4","0:39",0,3,27,94,106
"108844",108844,108844,"antetgi01","Giannis Antetokounmpo",2018,"311",226,11718,"MIL","MIA","HOME","4","4:20",1,3,26,93,93
"108850",108850,108850,"antetgi01","Giannis Antetokounmpo",2018,"312",302,12618,"MIL","BRK","HOME","1","8:44",1,3,26,11,2
"108889",108889,108889,"antetgi01","Giannis Antetokounmpo",2018,"320",231,12918,"MIL","PHI","HOME","1","10:01",0,3,27,4,6
"108905",108905,108905,"antetgi01","Giannis Antetokounmpo",2018,"319",295,12918,"MIL","PHI","HOME","4","4:49",1,3,27,98,85
"108916",108916,108916,"antetgi01","Giannis Antetokounmpo",2018,"303",215,20118,"MIL","MIN","AWAY","3","11:26",0,3,25,39,62
"108937",108937,108937,"antetgi01","Giannis Antetokounmpo",2018,"312",298,20218,"MIL","NYK","HOME","3","7:57",0,3,26,63,63
"108989",108989,108989,"antetgi01","Giannis Antetokounmpo",2018,"345",240,20918,"MIL","MIA","AWAY","2","0:01",0,3,29,46,42
"108997",108997,108997,"antetgi01","Giannis Antetokounmpo",2018,"308",241,20918,"MIL","MIA","AWAY","4","2:55",0,3,25,73,85
"109009",109009,109009,"antetgi01","Giannis Antetokounmpo",2018,"297",163,21018,"MIL","ORL","AWAY","2","1:13",0,3,25,47,50
"109061",109061,109061,"antetgi01","Giannis Antetokounmpo",2018,"306",199,21518,"MIL","DEN","HOME","4","2:36",0,3,25,116,132
"109129",109129,109129,"antetgi01","Giannis Antetokounmpo",2018,"301",320,22818,"MIL","DET","AWAY","3","0:01",1,3,26,70,85
"109153",109153,109153,"antetgi01","Giannis Antetokounmpo",2018,"309",240,30418,"MIL","PHI","HOME","1","3:44",1,3,25,17,33
"109283",109283,109283,"antetgi01","Giannis Antetokounmpo",2018,"327",170,31718,"MIL","ATL","HOME","3","8:15",0,3,28,63,62
"109501",109501,109501,"antetgi01","Giannis Antetokounmpo",2018,"298",302,42018,"MIL","BOS","HOME","1","7:14",1,3,25,12,6
"109507",109507,109507,"antetgi01","Giannis Antetokounmpo",2018,"319",220,42018,"MIL","BOS","HOME","3","11:46",1,3,26,61,35
"109508",109508,109508,"antetgi01","Giannis Antetokounmpo",2018,"303",162,42018,"MIL","BOS","HOME","3","9:18",0,3,26,63,39
"561513",561513,561513,"bynuman01","Andrew Bynum",2012,"327",240,20312,"LAL","DEN","AWAY","1","00:02.2",0,3,28,23,21
"561548",561548,561548,"bynuman01","Andrew Bynum",2012,"326",255,20612,"LAL","PHI","AWAY","4","00:01.8",0,3,28,90,95
"561855",561855,561855,"bynuman01","Andrew Bynum",2012,"332",260,32512,"LAL","MEM","HOME","4","00:01.2",1,3,28,96,102
"561865",561865,561865,"bynuman01","Andrew Bynum",2012,"318",211,32712,"LAL","GSW","AWAY","3","10:05",0,3,27,56,50
"625198",625198,625198,"cassesa01","Sam Cassell",2001,"314",224,112800,"MIL","MIA","AWAY","4","00:00.9",1,3,26,102,101
"625214",625214,625214,"cassesa01","Sam Cassell",2001,"297",268,120200,"MIL","ATL","AWAY","2","6:28",1,3,25,32,39
"625224",625224,625224,"cassesa01","Sam Cassell",2001,"322",211,120300,"MIL","IND","HOME","2","00:17.6",0,3,27,43,44
"625263",625263,625263,"cassesa01","Sam Cassell",2001,"320",224,121200,"MIL","LAL","AWAY","2","3:21",0,3,27,41,44
"625316",625316,625316,"cassesa01","Sam Cassell",2001,"307",161,122100,"MIL","NJN","HOME","2","2:27",0,3,27,45,27
"625362",625362,625362,"cassesa01","Sam Cassell",2001,"288",201,10201,"MIL","CHI","AWAY","3","7:48",0,3,24,64,34
"625421",625421,625421,"cassesa01","Sam Cassell",2001,"312",169,10901,"MIL","WAS","HOME","2","9:26",1,3,27,33,30
"625522",625522,625522,"cassesa01","Sam Cassell",2001,"322",258,12301,"MIL","NYK","HOME","2","4:35",0,3,27,52,37
"625789",625789,625789,"cassesa01","Sam Cassell",2001,"314",184,30501,"MIL","NJN","AWAY","4","7:10",1,3,27,88,79
"625861",625861,625861,"cassesa01","Sam Cassell",2001,"307",247,31301,"MIL","TOR","AWAY","3","00:41.9",0,3,26,88,70
"625906",625906,625906,"cassesa01","Sam Cassell",2001,"312",272,32101,"MIL","LAL","HOME","1","3:55",0,3,26,8,19
"625993",625993,625993,"cassesa01","Sam Cassell",2001,"291",169,33101,"MIL","SAS","AWAY","2","3:51",1,3,25,42,44
"626005",626005,626005,"cassesa01","Sam Cassell",2001,"307",203,33101,"MIL","SAS","AWAY","4","3:30",0,3,26,79,72
"626036",626036,626036,"cassesa01","Sam Cassell",2001,"312",300,40401,"MIL","GSW","AWAY","2","9:00",0,3,27,37,28
"626069",626069,626069,"cassesa01","Sam Cassell",2001,"295",241,40801,"MIL","SEA","AWAY","1","4:38",0,3,25,12,13
"626150",626150,626150,"cassesa01","Sam Cassell",2001,"312",175,42201,"MIL","ORL","HOME","2","00:49.2",0,3,27,45,44
"626209",626209,626209,"cassesa01","Sam Cassell",2001,"299",217,50101,"MIL","ORL","AWAY","3","11:36",1,3,25,60,61
"626242",626242,626242,"cassesa01","Sam Cassell",2001,"301",196,50801,"MIL","CHH","HOME","2","3:19",0,3,25,39,29
"626254",626254,626254,"cassesa01","Sam Cassell",2001,"307",222,51001,"MIL","CHH","AWAY","1","5:18",1,3,26,17,15
"626315",626315,626315,"cassesa01","Sam Cassell",2001,"322",169,52001,"MIL","CHH","HOME","4","00:11.6",0,3,28,104,92
"626318",626318,626318,"cassesa01","Sam Cassell",2001,"307",224,52201,"MIL","PHI","AWAY","1","4:02",0,3,26,12,13
"626427",626427,626427,"cassesa01","Sam Cassell",2002,"291",192,103001,"MIL","UTA","AWAY","2","2:10",0,3,25,42,52
"626441",626441,626441,"cassesa01","Sam Cassell",2002,"299",251,110101,"MIL","DEN","AWAY","2","4:45",1,3,25,41,53
"626490",626490,626490,"cassesa01","Sam Cassell",2002,"307",258,111401,"MIL","WAS","AWAY","1","6:06",1,3,26,17,19
"626531",626531,626531,"cassesa01","Sam Cassell",2002,"297",228,112201,"MIL","TOR","AWAY","4","6:15",0,3,25,70,66
"626534",626534,626534,"cassesa01","Sam Cassell",2002,"297",228,112201,"MIL","TOR","AWAY","4","2:00",0,3,25,72,74
"626588",626588,626588,"cassesa01","Sam Cassell",2002,"276",161,113001,"MIL","POR","AWAY","4","11:40",0,3,24,73,83
"626592",626592,626592,"cassesa01","Sam Cassell",2002,"303",222,120201,"MIL","SEA","AWAY","1","5:35",0,3,25,5,13
"626725",626725,626725,"cassesa01","Sam Cassell",2002,"307",222,121801,"MIL","MEM","AWAY","4","3:29",1,3,26,102,92
"626800",626800,626800,"cassesa01","Sam Cassell",2002,"280",175,122801,"MIL","CHH","AWAY","1","3:48",0,3,24,22,17
"626810",626810,626810,"cassesa01","Sam Cassell",2002,"291",217,122801,"MIL","CHH","AWAY","3","2:50",0,3,24,79,63
"626833",626833,626833,"cassesa01","Sam Cassell",2002,"303",277,122901,"MIL","SAS","HOME","1OT","4:13",0,3,26,93,93
"626926",626926,626926,"cassesa01","Sam Cassell",2002,"284",317,11202,"MIL","NYK","AWAY","3","5:53",0,3,25,64,40
"626943",626943,626943,"cassesa01","Sam Cassell",2002,"303",222,11502,"MIL","IND","AWAY","3","2:38",0,3,25,84,66
"626983",626983,626983,"cassesa01","Sam Cassell",2002,"314",228,11902,"MIL","ATL","AWAY","1","10:44",0,3,26,4,1
"627027",627027,627027,"cassesa01","Sam Cassell",2002,"307",207,12202,"MIL","PHO","HOME","3","2:10",0,3,26,55,69
"627033",627033,627033,"cassesa01","Sam Cassell",2002,"303",169,12402,"MIL","SEA","HOME","1","10:38",1,3,26,7,2
"627047",627047,627047,"cassesa01","Sam Cassell",2002,"324",228,12402,"MIL","SEA","HOME","3","4:43",1,3,27,72,67
"627086",627086,627086,"cassesa01","Sam Cassell",2002,"297",213,13102,"MIL","NJN","AWAY","2","1:03",0,3,25,52,55
"627136",627136,627136,"cassesa01","Sam Cassell",2002,"293",262,21202,"MIL","CHI","AWAY","3","5:54",1,3,24,67,59
"627211",627211,627211,"cassesa01","Sam Cassell",2002,"307",163,22602,"MIL","LAL","HOME","2","10:24",0,3,27,30,29
"627270",627270,627270,"cassesa01","Sam Cassell",2002,"297",205,30502,"MIL","NYK","AWAY","3","7:47",1,3,25,57,64
"627298",627298,627298,"cassesa01","Sam Cassell",2002,"291",236,30802,"MIL","CLE","HOME","3","4:06",0,3,24,60,60
"627385",627385,627385,"cassesa01","Sam Cassell",2002,"293",203,31902,"MIL","ORL","AWAY","4","2:20",0,3,25,87,98
"627441",627441,627441,"cassesa01","Sam Cassell",2002,"307",167,32902,"MIL","WAS","AWAY","1","5:49",0,3,27,12,13
"627468",627468,627468,"cassesa01","Sam Cassell",2002,"282",173,40202,"MIL","ATL","AWAY","1","11:38",0,3,24,0,0
"627486",627486,627486,"cassesa01","Sam Cassell",2002,"299",230,40202,"MIL","ATL","AWAY","4","4:52",0,3,25,82,89
"627743",627743,627743,"cassesa01","Sam Cassell",2003,"300",168,111902,"MIL","MIA","HOME","1","3:09",1,3,26,21,21
"627754",627754,627754,"cassesa01","Sam Cassell",2003,"313",215,111902,"MIL","MIA","HOME","4","2:08",0,3,26,84,96
"627794",627794,627794,"cassesa01","Sam Cassell",2003,"288",165,112502,"MIL","PHO","AWAY","3","8:23",0,3,25,51,51
"627843",627843,627843,"cassesa01","Sam Cassell",2003,"354",181,112902,"MIL","DET","AWAY","4","00:02.8",0,3,31,91,96
"627879",627879,627879,"cassesa01","Sam Cassell",2003,"295",232,120902,"MIL","CLE","AWAY","1","10:25",1,3,25,7,2
"627889",627889,627889,"cassesa01","Sam Cassell",2003,"300",206,120902,"MIL","CLE","AWAY","3","11:38",1,3,25,59,47
"627913",627913,627913,"cassesa01","Sam Cassell",2003,"300",209,121102,"MIL","IND","HOME","3","4:40",0,3,25,70,74
"628098",628098,628098,"cassesa01","Sam Cassell",2003,"303",241,10603,"MIL","CLE","AWAY","2","1:21",0,3,25,50,47
"628129",628129,628129,"cassesa01","Sam Cassell",2003,"308",317,11403,"MIL","ATL","HOME","4","2:10",1,3,27,95,82
"628174",628174,628174,"cassesa01","Sam Cassell",2003,"285",307,12203,"MIL","BOS","AWAY","3","8:39",0,3,24,64,57
"628198",628198,628198,"cassesa01","Sam Cassell",2003,"292",171,12503,"MIL","DEN","HOME","4","2:19",0,3,25,84,69
"628377",628377,628377,"cassesa01","Sam Cassell",2003,"292",269,22203,"MIL","POR","AWAY","4","2:20",0,3,24,86,87
"628413",628413,628413,"cassesa01","Sam Cassell",2003,"290",163,22803,"MIL","IND","AWAY","1","4:01",0,3,25,17,13
"628468",628468,628468,"cassesa01","Sam Cassell",2003,"302",227,30703,"MIL","WAS","AWAY","1","8:58",0,3,25,6,4
"628476",628476,628476,"cassesa01","Sam Cassell",2003,"303",271,30703,"MIL","WAS","AWAY","3","10:06",0,3,25,49,42
"628514",628514,628514,"cassesa01","Sam Cassell",2003,"293",169,31103,"MIL","SAS","HOME","4","1:16",1,3,25,102,97
"628526",628526,628526,"cassesa01","Sam Cassell",2003,"292",171,31203,"MIL","ATL","AWAY","2","0:34",0,3,25,48,52
"628542",628542,628542,"cassesa01","Sam Cassell",2003,"297",240,31503,"MIL","LAL","HOME","3","6:57",0,3,25,68,61
"628562",628562,628562,"cassesa01","Sam Cassell",2003,"288",309,31903,"MIL","NJN","AWAY","1","6:44",1,3,25,13,12
"628567",628567,628567,"cassesa01","Sam Cassell",2003,"283",171,31903,"MIL","NJN","AWAY","2","00:01.8",1,3,24,54,47
"628609",628609,628609,"cassesa01","Sam Cassell",2003,"297",202,32503,"MIL","SAS","AWAY","1","1:19",0,3,25,17,19
"628634",628634,628634,"cassesa01","Sam Cassell",2003,"292",184,32803,"MIL","UTA","AWAY","1","8:00",0,3,25,8,7
"628667",628667,628667,"cassesa01","Sam Cassell",2003,"297",240,33103,"MIL","MIA","AWAY","4","4:39",0,3,25,74,78
"628668",628668,628668,"cassesa01","Sam Cassell",2003,"295",268,33103,"MIL","MIA","AWAY","4","4:04",1,3,25,77,80
"628669",628669,628669,"cassesa01","Sam Cassell",2003,"290",294,33103,"MIL","MIA","AWAY","4","3:24",1,3,25,80,80
"628711",628711,628711,"cassesa01","Sam Cassell",2003,"305",217,40503,"MIL","CHI","AWAY","4","6:08",0,3,26,98,90
"628716",628716,628716,"cassesa01","Sam Cassell",2003,"310",176,40503,"MIL","CHI","AWAY","1OT","4:02",1,3,27,108,105
"628717",628717,628717,"cassesa01","Sam Cassell",2003,"295",312,40503,"MIL","CHI","AWAY","1OT","2:33",0,3,26,108,110
"628808",628808,628808,"cassesa01","Sam Cassell",2003,"311",253,42403,"MIL","NJN","HOME","3","1:33",1,3,26,69,75
"628815",628815,628815,"cassesa01","Sam Cassell",2003,"320",238,42603,"MIL","NJN","HOME","2","5:52",0,3,27,40,40
"628874",628874,628874,"cassesa01","Sam Cassell",2004,"285",165,103103,"MIN","NJN","AWAY","3","9:44",0,3,25,36,46
"628906",628906,628906,"cassesa01","Sam Cassell",2004,"293",224,110303,"MIN","UTA","AWAY","4","10:29",0,3,24,69,67
"628998",628998,628998,"cassesa01","Sam Cassell",2004,"290",214,111403,"MIN","UTA","HOME","2","7:25",0,3,24,22,33
"629158",629158,629158,"cassesa01","Sam Cassell",2004,"293",173,120703,"MIN","LAC","AWAY","2","6:57",0,3,25,31,33
"629170",629170,629170,"cassesa01","Sam Cassell",2004,"297",235,120703,"MIN","LAC","AWAY","4","1:46",1,3,25,90,92
"629183",629183,629183,"cassesa01","Sam Cassell",2004,"311",238,120903,"MIN","GSW","HOME","3","3:55",1,3,26,77,71
"629257",629257,629257,"cassesa01","Sam Cassell",2004,"292",168,121803,"MIN","DAL","HOME","4","3:04",1,3,25,105,100
"629319",629319,629319,"cassesa01","Sam Cassell",2004,"307",220,122703,"MIN","SEA","AWAY","3","1:49",1,3,26,68,58
"629365",629365,629365,"cassesa01","Sam Cassell",2004,"292",183,10304,"MIN","DAL","AWAY","2","10:13",0,3,25,35,27
"629366",629366,629366,"cassesa01","Sam Cassell",2004,"285",163,10304,"MIN","DAL","AWAY","2","10:07",1,3,25,38,27
"629397",629397,629397,"cassesa01","Sam Cassell",2004,"303",235,10604,"MIN","LAL","HOME","4","5:15",0,3,25,96,83
"629420",629420,629420,"cassesa01","Sam Cassell",2004,"307",184,11004,"MIN","MIA","HOME","3","7:02",1,3,26,49,45
"629422",629422,629422,"cassesa01","Sam Cassell",2004,"292",169,11004,"MIN","MIA","HOME","3","2:12",0,3,25,57,57
"629429",629429,629429,"cassesa01","Sam Cassell",2004,"297",241,11304,"MIN","NOH","AWAY","1","00:02.9",0,3,25,18,30
"629450",629450,629450,"cassesa01","Sam Cassell",2004,"318",238,11404,"MIN","SAS","AWAY","2","00:00.3",0,3,27,36,40
"629478",629478,629478,"cassesa01","Sam Cassell",2004,"298",217,11704,"MIN","HOU","AWAY","4","5:45",1,3,25,63,82
"629508",629508,629508,"cassesa01","Sam Cassell",2004,"293",251,12104,"MIN","TOR","AWAY","3","2:02",0,3,24,72,61
"629512",629512,629512,"cassesa01","Sam Cassell",2004,"295",217,12104,"MIN","TOR","AWAY","4","5:27",1,3,25,87,84
"629523",629523,629523,"cassesa01","Sam Cassell",2004,"288",225,12304,"MIN","DET","HOME","2","2:23",1,3,24,41,31
"629539",629539,629539,"cassesa01","Sam Cassell",2004,"293",278,12504,"MIN","PHO","HOME","1","00:18.9",0,3,25,16,18
"629603",629603,629603,"cassesa01","Sam Cassell",2004,"293",299,13004,"MIN","LAL","AWAY","4","8:07",0,3,25,74,73
"629608",629608,629608,"cassesa01","Sam Cassell",2004,"282",315,20104,"MIN","PHI","HOME","1","7:51",1,3,24,9,10
"629612",629612,629612,"cassesa01","Sam Cassell",2004,"293",229,20104,"MIN","PHI","HOME","2","10:10",0,3,24,27,43
"629622",629622,629622,"cassesa01","Sam Cassell",2004,"288",286,20104,"MIN","PHI","HOME","4","4:55",1,3,24,92,92
"629632",629632,629632,"cassesa01","Sam Cassell",2004,"292",202,20304,"MIN","ORL","HOME","3","6:59",1,3,25,67,61
"629730",629730,629730,"cassesa01","Sam Cassell",2004,"311",306,21904,"MIN","SAC","HOME","3","9:44",0,3,27,45,39
"629801",629801,629801,"cassesa01","Sam Cassell",2004,"325",237,22904,"MIN","PHI","AWAY","4","3:55",0,3,28,71,71
"629802",629802,629802,"cassesa01","Sam Cassell",2004,"303",227,22904,"MIN","PHI","AWAY","4","2:14",0,3,25,72,73
"629842",629842,629842,"cassesa01","Sam Cassell",2004,"305",222,30704,"MIN","BOS","HOME","4","00:00.6",0,3,26,77,80
"629893",629893,629893,"cassesa01","Sam Cassell",2004,"287",311,31404,"MIN","POR","HOME","2","00:50.8",1,3,25,44,53
"629906",629906,629906,"cassesa01","Sam Cassell",2004,"282",317,31804,"MIN","SAS","AWAY","1","6:44",0,3,24,6,10
"630003",630003,630003,"cassesa01","Sam Cassell",2004,"298",238,32904,"MIN","HOU","AWAY","3","5:09",1,3,25,56,54
"630045",630045,630045,"cassesa01","Sam Cassell",2004,"295",217,40404,"MIN","MEM","HOME","3","2:46",1,3,25,69,64
"630120",630120,630120,"cassesa01","Sam Cassell",2004,"290",220,41804,"MIN","DEN","HOME","1","6:39",1,3,24,13,14
"630127",630127,630127,"cassesa01","Sam Cassell",2004,"297",240,41804,"MIN","DEN","HOME","3","10:32",1,3,25,56,44
"630128",630128,630128,"cassesa01","Sam Cassell",2004,"290",251,41804,"MIN","DEN","HOME","3","10:14",1,3,24,59,44
"630151",630151,630151,"cassesa01","Sam Cassell",2004,"292",168,42104,"MIN","DEN","HOME","3","5:53",0,3,25,53,40
"630163",630163,630163,"cassesa01","Sam Cassell",2004,"295",227,42404,"MIN","DEN","AWAY","1","2:37",0,3,25,8,23
"630180",630180,630180,"cassesa01","Sam Cassell",2004,"293",238,43004,"MIN","DEN","HOME","1","11:26",1,3,24,3,0
"630208",630208,630208,"cassesa01","Sam Cassell",2004,"292",194,50404,"MIN","SAC","HOME","3","2:51",1,3,25,66,69
"630214",630214,630214,"cassesa01","Sam Cassell",2004,"282",163,50404,"MIN","SAC","HOME","4","1:08",1,3,24,92,95
"630216",630216,630216,"cassesa01","Sam Cassell",2004,"313",251,50404,"MIN","SAC","HOME","4","00:20.1",1,3,26,98,102
"630272",630272,630272,"cassesa01","Sam Cassell",2004,"297",248,51604,"MIN","SAC","AWAY","2","6:53",0,3,25,37,39
"630291",630291,630291,"cassesa01","Sam Cassell",2004,"292",212,52104,"MIN","LAL","HOME","1","9:14",0,3,24,4,4
"630364",630364,630364,"cassesa01","Sam Cassell",2005,"285",197,110604,"MIN","NOH","HOME","4","5:14",0,3,24,79,78
"630413",630413,630413,"cassesa01","Sam Cassell",2005,"293",225,112004,"MIN","NOH","AWAY","2","00:58.9",0,3,24,44,37
"630456",630456,630456,"cassesa01","Sam Cassell",2005,"288",238,112604,"MIN","MEM","HOME","3","5:24",0,3,24,79,62
"630472",630472,630472,"cassesa01","Sam Cassell",2005,"292",230,112804,"MIN","SAC","AWAY","4","01:16.8",1,3,24,113,104
"630486",630486,630486,"cassesa01","Sam Cassell",2005,"292",178,120104,"MIN","GSW","AWAY","4","8:29",0,3,25,87,91
"630535",630535,630535,"cassesa01","Sam Cassell",2005,"302",266,120704,"MIN","DAL","HOME","2","00:04.9",0,3,25,44,50
"630605",630605,630605,"cassesa01","Sam Cassell",2005,"290",207,121704,"MIN","LAC","HOME","1","7:39",1,3,24,13,10
"630690",630690,630690,"cassesa01","Sam Cassell",2005,"298",176,10505,"MIN","CHA","AWAY","1","2:35",1,3,26,17,13
"630737",630737,630737,"cassesa01","Sam Cassell",2005,"297",229,12805,"MIN","UTA","HOME","4","6:46",1,3,25,80,74
"630740",630740,630740,"cassesa01","Sam Cassell",2005,"288",176,12805,"MIN","UTA","HOME","4","00:32.9",0,3,25,87,85
"630760",630760,630760,"cassesa01","Sam Cassell",2005,"297",246,20105,"MIN","MIL","AWAY","4","00:26.9",0,3,25,84,88
"630761",630761,630761,"cassesa01","Sam Cassell",2005,"318",225,20105,"MIN","MIL","AWAY","4","00:08.9",0,3,27,86,90
"630798",630798,630798,"cassesa01","Sam Cassell",2005,"293",264,20605,"MIN","BOS","HOME","4","3:33",0,3,24,94,95
"630885",630885,630885,"cassesa01","Sam Cassell",2005,"295",202,33105,"MIN","LAL","AWAY","2","9:05",0,3,25,25,25
"630934",630934,630934,"cassesa01","Sam Cassell",2005,"297",234,40805,"MIN","DEN","HOME","3","3:53",1,3,25,65,71
"630942",630942,630942,"cassesa01","Sam Cassell",2005,"287",163,40805,"MIN","DEN","HOME","4","2:55",0,3,25,96,98
"630970",630970,630970,"cassesa01","Sam Cassell",2005,"293",168,41505,"MIN","UTA","AWAY","3","3:35",0,3,25,61,59
"630975",630975,630975,"cassesa01","Sam Cassell",2005,"293",266,41705,"MIN","SEA","HOME","2","8:12",0,3,24,32,42
"631007",631007,631007,"cassesa01","Sam Cassell",2006,"320",264,110205,"LAC","SEA","AWAY","2","7:53",0,3,27,29,31
"631015",631015,631015,"cassesa01","Sam Cassell",2006,"307",253,110205,"LAC","SEA","AWAY","3","7:36",1,3,26,55,57
"631019",631019,631019,"cassesa01","Sam Cassell",2006,"303",273,110205,"LAC","SEA","AWAY","4","6:49",0,3,26,80,82
"631020",631020,631020,"cassesa01","Sam Cassell",2006,"298",294,110205,"LAC","SEA","AWAY","4","4:53",1,3,25,85,87
"631064",631064,631064,"cassesa01","Sam Cassell",2006,"302",202,110705,"LAC","MIN","AWAY","3","7:32",0,3,25,51,52
"631100",631100,631100,"cassesa01","Sam Cassell",2006,"300",248,111305,"LAC","PHI","AWAY","3","7:56",0,3,25,62,70
"631141",631141,631141,"cassesa01","Sam Cassell",2006,"310",224,112305,"LAC","TOR","HOME","3","10:34",1,3,26,56,60
"631187",631187,631187,"cassesa01","Sam Cassell",2006,"295",222,112905,"LAC","MIN","AWAY","4","2:43",1,3,25,85,80
"631192",631192,631192,"cassesa01","Sam Cassell",2006,"300",230,113005,"LAC","CLE","AWAY","2","8:37",0,3,25,28,29
"631196",631196,631196,"cassesa01","Sam Cassell",2006,"290",189,113005,"LAC","CLE","AWAY","3","7:16",0,3,25,56,58
"631249",631249,631249,"cassesa01","Sam Cassell",2006,"315",232,121005,"LAC","PHO","HOME","3","3:42",0,3,27,75,65
"631310",631310,631310,"cassesa01","Sam Cassell",2006,"303",171,121705,"LAC","HOU","HOME","1","00:00.3",0,3,26,23,24
"631319",631319,631319,"cassesa01","Sam Cassell",2006,"315",225,121705,"LAC","HOU","HOME","4","2:29",1,3,27,85,78
"631334",631334,631334,"cassesa01","Sam Cassell",2006,"292",283,122005,"LAC","NJN","AWAY","4","5:17",0,3,25,80,88
"631410",631410,631410,"cassesa01","Sam Cassell",2006,"311",243,10606,"LAC","SAC","AWAY","2","0:00",0,3,26,63,67
"631416",631416,631416,"cassesa01","Sam Cassell",2006,"300",202,10606,"LAC","SAC","AWAY","4","00:06.9",0,3,25,114,116
"631523",631523,631523,"cassesa01","Sam Cassell",2006,"300",237,12206,"LAC","GSW","HOME","4","4:36",0,3,25,97,85
"631553",631553,631553,"cassesa01","Sam Cassell",2006,"310",281,12506,"LAC","NJN","HOME","3","00:30.9",0,3,26,72,56
"631557",631557,631557,"cassesa01","Sam Cassell",2006,"292",235,12706,"LAC","DEN","AWAY","1","4:52",0,3,24,21,16
"631582",631582,631582,"cassesa01","Sam Cassell",2006,"288",238,12806,"LAC","DEN","HOME","1","5:07",0,3,24,16,12
"631587",631587,631587,"cassesa01","Sam Cassell",2006,"310",166,12806,"LAC","DEN","HOME","3","7:54",1,3,27,69,46
"631600",631600,631600,"cassesa01","Sam Cassell",2006,"293",260,13006,"LAC","MIA","AWAY","4","2:29",1,3,24,109,108
"631621",631621,631621,"cassesa01","Sam Cassell",2006,"288",191,20306,"LAC","BOS","AWAY","1","1:08",0,3,24,24,21
"631643",631643,631643,"cassesa01","Sam Cassell",2006,"288",301,20506,"LAC","TOR","AWAY","4","4:32",1,3,25,90,90
"631647",631647,631647,"cassesa01","Sam Cassell",2006,"297",191,20506,"LAC","TOR","AWAY","4","00:09.9",0,3,25,98,100
"631648",631648,631648,"cassesa01","Sam Cassell",2006,"302",229,20506,"LAC","TOR","AWAY","4","00:05.5",1,3,25,101,101
"631676",631676,631676,"cassesa01","Sam Cassell",2006,"316",191,21206,"LAC","CHI","HOME","1","11:18",0,3,27,0,0
"631695",631695,631695,"cassesa01","Sam Cassell",2006,"308",230,21206,"LAC","CHI","HOME","4","00:05.9",0,3,26,91,95
"631714",631714,631714,"cassesa01","Sam Cassell",2006,"295",166,21506,"LAC","GSW","AWAY","1","8:48",1,3,26,7,9
"631739",631739,631739,"cassesa01","Sam Cassell",2006,"287",286,22106,"LAC","DAL","AWAY","2","00:57.9",0,3,24,48,53
"631774",631774,631774,"cassesa01","Sam Cassell",2006,"293",219,22406,"LAC","LAL","HOME","4","2:17",0,3,24,97,81
"631783",631783,631783,"cassesa01","Sam Cassell",2006,"303",161,22706,"LAC","CHA","HOME","2","2:33",1,3,27,48,42
"631811",631811,631811,"cassesa01","Sam Cassell",2006,"285",302,30306,"LAC","UTA","AWAY","3","00:30.7",1,3,24,67,75
"631819",631819,631819,"cassesa01","Sam Cassell",2006,"310",197,30506,"LAC","MEM","HOME","1","2:18",0,3,26,23,23
"631823",631823,631823,"cassesa01","Sam Cassell",2006,"290",166,30706,"LAC","SAS","HOME","1","7:24",0,3,25,10,2
"631904",631904,631904,"cassesa01","Sam Cassell",2006,"305",240,31706,"LAC","PHI","HOME","3","2:21",0,3,26,78,64
"631925",631925,631925,"cassesa01","Sam Cassell",2006,"297",224,32106,"LAC","NOK","AWAY","2","00:53.9",0,3,25,47,60
"631931",631931,631931,"cassesa01","Sam Cassell",2006,"279",166,32306,"LAC","MEM","AWAY","1","9:03",0,3,24,4,4
"631980",631980,631980,"cassesa01","Sam Cassell",2006,"297",304,33106,"LAC","UTA","HOME","1","4:20",1,3,26,13,15
"631996",631996,631996,"cassesa01","Sam Cassell",2006,"288",219,40206,"LAC","SAC","AWAY","3","6:33",1,3,24,62,66
"632023",632023,632023,"cassesa01","Sam Cassell",2006,"300",269,40406,"LAC","DEN","HOME","4","00:20.4",0,3,25,110,109
"632034",632034,632034,"cassesa01","Sam Cassell",2006,"298",319,40706,"LAC","SAC","HOME","4","4:36",0,3,26,84,85
"632056",632056,632056,"cassesa01","Sam Cassell",2006,"315",273,40906,"LAC","LAL","AWAY","3","2:28",0,3,27,67,69
"632149",632149,632149,"cassesa01","Sam Cassell",2006,"293",225,42906,"LAC","DEN","AWAY","1","4:27",1,3,24,19,15
"632161",632161,632161,"cassesa01","Sam Cassell",2006,"311",278,50106,"LAC","DEN","HOME","2","1:17",0,3,26,44,36
"632184",632184,632184,"cassesa01","Sam Cassell",2006,"293",169,50806,"LAC","PHO","AWAY","4","2:10",1,3,25,113,122
"632208",632208,632208,"cassesa01","Sam Cassell",2006,"303",202,51206,"LAC","PHO","HOME","4","1:07",0,3,26,86,89
"632223",632223,632223,"cassesa01","Sam Cassell",2006,"313",304,51406,"LAC","PHO","HOME","3","2:57",0,3,27,84,72
"632312",632312,632312,"cassesa01","Sam Cassell",2007,"303",179,110206,"LAC","DEN","HOME","4","1:37",0,3,26,89,90
"632318",632318,632318,"cassesa01","Sam Cassell",2007,"311",217,110406,"LAC","PHO","HOME","1","1:33",0,3,26,17,23
"632356",632356,632356,"cassesa01","Sam Cassell",2007,"292",188,111206,"LAC","NOK","HOME","2","8:17",0,3,25,33,25
"632441",632441,632441,"cassesa01","Sam Cassell",2007,"290",251,112506,"LAC","MIN","AWAY","3","2:59",0,3,24,73,63
"632444",632444,632444,"cassesa01","Sam Cassell",2007,"285",284,112506,"LAC","MIN","AWAY","4","5:04",1,3,24,94,85
"632508",632508,632508,"cassesa01","Sam Cassell",2007,"311",176,121106,"LAC","SAS","HOME","1","3:56",0,3,27,9,23
"632569",632569,632569,"cassesa01","Sam Cassell",2007,"288",296,11007,"LAC","MIN","AWAY","3","9:31",1,3,24,55,53
"632588",632588,632588,"cassesa01","Sam Cassell",2007,"308",211,11507,"LAC","GSW","AWAY","1","4:43",0,3,26,15,13
"632600",632600,632600,"cassesa01","Sam Cassell",2007,"308",189,11507,"LAC","GSW","AWAY","4","7:40",0,3,26,83,93
"632603",632603,632603,"cassesa01","Sam Cassell",2007,"293",248,11707,"LAC","GSW","HOME","1","10:56",0,3,24,0,6
"632618",632618,632618,"cassesa01","Sam Cassell",2007,"300",255,11707,"LAC","GSW","HOME","4","2:21",0,3,25,108,102
"632667",632667,632667,"cassesa01","Sam Cassell",2007,"295",192,12807,"LAC","SEA","AWAY","1","8:51",1,3,25,4,6
"632679",632679,632679,"cassesa01","Sam Cassell",2007,"297",314,13107,"LAC","CHI","HOME","1","7:46",0,3,26,8,6
"632704",632704,632704,"cassesa01","Sam Cassell",2007,"293",232,20207,"LAC","BOS","AWAY","3","7:21",0,3,24,56,53
"632712",632712,632712,"cassesa01","Sam Cassell",2007,"293",227,20407,"LAC","TOR","AWAY","3","5:56",1,3,24,66,81
"632714",632714,632714,"cassesa01","Sam Cassell",2007,"292",229,20407,"LAC","TOR","AWAY","3","4:21",1,3,24,72,83
"632717",632717,632717,"cassesa01","Sam Cassell",2007,"297",227,20607,"LAC","NYK","AWAY","1","6:36",0,3,25,10,6
"632754",632754,632754,"cassesa01","Sam Cassell",2007,"297",224,20907,"LAC","PHI","AWAY","4","9:15",1,3,25,68,68
"632770",632770,632770,"cassesa01","Sam Cassell",2007,"303",245,21107,"LAC","IND","AWAY","3","1:20",0,3,25,62,73
"632771",632771,632771,"cassesa01","Sam Cassell",2007,"302",255,21107,"LAC","IND","AWAY","4","00:49.9",0,3,25,78,91
"632795",632795,632795,"cassesa01","Sam Cassell",2007,"287",194,22407,"LAC","GSW","HOME","3","1:58",0,3,24,72,73
"632852",632852,632852,"cassesa01","Sam Cassell",2007,"288",220,31807,"LAC","NJN","AWAY","4","10:54",0,3,24,72,70
"632856",632856,632856,"cassesa01","Sam Cassell",2007,"298",184,32107,"LAC","MIL","AWAY","2","6:23",1,3,25,43,34
"632908",632908,632908,"cassesa01","Sam Cassell",2008,"288",191,110407,"LAC","SEA","HOME","1","7:22",0,3,24,7,9
"632914",632914,632914,"cassesa01","Sam Cassell",2008,"300",240,110407,"LAC","SEA","HOME","3","8:58",0,3,25,59,59
"632936",632936,632936,"cassesa01","Sam Cassell",2008,"303",215,110707,"LAC","IND","AWAY","2","2:09",1,3,25,47,47
"632951",632951,632951,"cassesa01","Sam Cassell",2008,"302",319,110907,"LAC","DET","AWAY","3","6:58",0,3,26,50,67
"632952",632952,632952,"cassesa01","Sam Cassell",2008,"305",297,110907,"LAC","DET","AWAY","3","6:52",0,3,26,50,67
"632980",632980,632980,"cassesa01","Sam Cassell",2008,"302",307,111407,"LAC","NYK","HOME","2","00:01.9",0,3,26,41,44
"632986",632986,632986,"cassesa01","Sam Cassell",2008,"305",271,111407,"LAC","NYK","HOME","4","4:38",0,3,26,75,67
"632987",632987,632987,"cassesa01","Sam Cassell",2008,"297",312,111407,"LAC","NYK","HOME","4","1:00",0,3,26,79,77
"632992",632992,632992,"cassesa01","Sam Cassell",2008,"308",279,111607,"LAC","GSW","AWAY","3","7:16",1,3,26,69,72
"633009",633009,633009,"cassesa01","Sam Cassell",2008,"297",286,112307,"LAC","PHO","AWAY","1","5:38",1,3,25,18,10
"633031",633031,633031,"cassesa01","Sam Cassell",2008,"310",258,112407,"LAC","NOH","HOME","3","00:26.9",0,3,26,70,77
"633058",633058,633058,"cassesa01","Sam Cassell",2008,"318",235,122807,"LAC","PHO","AWAY","4","9:27",0,3,27,67,73
"633066",633066,633066,"cassesa01","Sam Cassell",2008,"307",246,123107,"LAC","MIN","HOME","2","3:00",0,3,26,35,38
"633106",633106,633106,"cassesa01","Sam Cassell",2008,"320",220,11208,"LAC","DAL","HOME","3","5:20",0,3,27,67,53
"633148",633148,633148,"cassesa01","Sam Cassell",2008,"293",301,11908,"LAC","NJN","HOME","3","7:21",1,3,25,55,52
"633237",633237,633237,"cassesa01","Sam Cassell",2008,"433",287,20108,"LAC","MIN","AWAY","2","00:00.3",0,3,39,56,52
"633282",633282,633282,"cassesa01","Sam Cassell",2008,"313",217,21108,"LAC","MIL","AWAY","3","00:05.5",0,3,26,76,72
"633319",633319,633319,"cassesa01","Sam Cassell",2008,"435",181,31708,"BOS","SAS","AWAY","1","0:00",0,3,39,11,28
"633329",633329,633329,"cassesa01","Sam Cassell",2008,"292",238,31708,"BOS","SAS","AWAY","4","2:30",0,3,24,81,85
"633330",633330,633330,"cassesa01","Sam Cassell",2008,"303",234,31708,"BOS","SAS","AWAY","4","00:46.4",1,3,25,89,87
"633345",633345,633345,"cassesa01","Sam Cassell",2008,"288",307,32008,"BOS","DAL","AWAY","4","2:29",0,3,25,87,86
"633347",633347,633347,"cassesa01","Sam Cassell",2008,"297",253,32208,"BOS","NOH","AWAY","3","00:15.9",0,3,25,87,81
"633360",633360,633360,"cassesa01","Sam Cassell",2008,"298",184,33008,"BOS","MIA","HOME","2","5:59",1,3,25,40,21
"633363",633363,633363,"cassesa01","Sam Cassell",2008,"441",220,33008,"BOS","MIA","HOME","3","0:01",0,3,39,68,48
"633390",633390,633390,"cassesa01","Sam Cassell",2008,"318",319,41208,"BOS","ATL","AWAY","2","10:40",0,3,28,32,27
"633433",633433,633433,"cassesa01","Sam Cassell",2008,"292",297,42008,"BOS","ATL","HOME","4","6:58",1,3,25,87,66
"633486",633486,633486,"cassesa01","Sam Cassell",2008,"282",169,50808,"BOS","CLE","HOME","4","7:37",0,3,24,80,60
"633509",633509,633509,"cassesa01","Sam Cassell",2008,"300",311,52608,"BOS","DET","AWAY","4","9:56",0,3,26,62,68
"633511",633511,633511,"cassesa01","Sam Cassell",2008,"307",188,53008,"BOS","DET","AWAY","2","10:16",0,3,26,26,21
"633527",633527,633527,"cassesa01","Sam Cassell",2008,"285",173,61008,"BOS","LAL","AWAY","1","00:30.9",0,3,24,20,18
"647231",647231,6421,"chandty01","Tyson Chandler",2005,"377",186,11005,"CHI","GSW","HOME","3","0:00",0,3,33,84,65
"647298",647298,6488,"chandty01","Tyson Chandler",2005,"343",238,20905,"CHI","HOU","AWAY","2","0:00",0,3,29,43,51
"647966",647966,7156,"chandty01","Tyson Chandler",2007,"362",206,12007,"NOK","LAL","HOME","1","00:00.2",0,3,31,25,29
"651042",651042,10232,"chandty01","Tyson Chandler",2014,"427",240,32114,"NYK","PHI","AWAY","3","0:01",0,3,38,72,65
"908398",908398,267588,"divacvl01","Vlade Divac",2001,"295",283,121300,"SAC","CHH","AWAY","3","2:54",0,3,25,61,71
"908422",908422,267612,"divacvl01","Vlade Divac",2001,"303",188,121900,"SAC","WAS","HOME","2","00:30.9",0,3,26,47,32
"908529",908529,267719,"divacvl01","Vlade Divac",2001,"291",239,11701,"SAC","BOS","HOME","4","5:32",0,3,24,93,97
"908718",908718,267908,"divacvl01","Vlade Divac",2001,"356",169,22301,"SAC","TOR","AWAY","4","00:00.1",0,3,31,97,97
"908736",908736,267926,"divacvl01","Vlade Divac",2001,"293",224,22501,"SAC","NYK","AWAY","3","00:00.4",1,3,24,77,70
"908786",908786,267976,"divacvl01","Vlade Divac",2001,"307",317,30201,"SAC","LAC","AWAY","4","00:20.4",0,3,27,79,86
"908940",908940,268130,"divacvl01","Vlade Divac",2001,"303",230,41001,"SAC","LAC","HOME","2","00:01.9",0,3,25,50,48
"908943",908943,268133,"divacvl01","Vlade Divac",2001,"320",302,41001,"SAC","LAC","HOME","3","5:59",1,3,28,73,63
"908981",908981,268171,"divacvl01","Vlade Divac",2001,"307",243,41601,"SAC","VAN","HOME","2","0:00",0,3,26,55,54
"909013",909013,268203,"divacvl01","Vlade Divac",2001,"303",239,42501,"SAC","PHO","HOME","2","00:01.5",0,3,25,63,43
"909028",909028,268218,"divacvl01","Vlade Divac",2001,"293",222,50201,"SAC","PHO","AWAY","1","3:49",0,3,24,14,22
"909299",909299,268489,"divacvl01","Vlade Divac",2002,"293",236,120201,"SAC","DAL","HOME","1OT","00:15.9",0,3,24,111,119
"909359",909359,268549,"divacvl01","Vlade Divac",2002,"282",296,121901,"SAC","SEA","AWAY","1","11:27",0,3,24,0,0
"909793",909793,268983,"divacvl01","Vlade Divac",2002,"299",277,41702,"SAC","LAL","AWAY","3","2:15",0,3,25,76,83
"909836",909836,269026,"divacvl01","Vlade Divac",2002,"293",247,50602,"SAC","DAL","HOME","2","00:28.2",0,3,24,60,57
"909844",909844,269034,"divacvl01","Vlade Divac",2002,"50",240,50902,"SAC","DAL","AWAY","2","3:40",0,3,0,54,49
"909932",909932,269122,"divacvl01","Vlade Divac",2002,"303",283,53102,"SAC","LAL","AWAY","2","00:00.2",1,3,26,56,51
"910051",910051,269241,"divacvl01","Vlade Divac",2003,"307",179,112002,"SAC","LAC","AWAY","3","00:01.6",0,3,26,63,68
"910266",910266,269456,"divacvl01","Vlade Divac",2003,"293",289,11503,"SAC","DAL","HOME","2","6:12",0,3,25,51,33
"910321",910321,269511,"divacvl01","Vlade Divac",2003,"292",212,12403,"SAC","ATL","AWAY","1","3:56",1,3,24,26,15
"910426",910426,269616,"divacvl01","Vlade Divac",2003,"300",225,22003,"SAC","BOS","HOME","2","00:53.6",0,3,25,49,39
"910522",910522,269712,"divacvl01","Vlade Divac",2003,"288",207,32203,"SAC","POR","AWAY","3","11:38",1,3,24,52,53
"910862",910862,270052,"divacvl01","Vlade Divac",2004,"302",234,120903,"SAC","LAC","HOME","4","1:17",0,3,25,103,90
"911187",911187,270377,"divacvl01","Vlade Divac",2004,"298",258,22404,"SAC","NYK","HOME","3","00:01.9",0,3,25,78,78
"911301",911301,270491,"divacvl01","Vlade Divac",2004,"298",237,33104,"SAC","SAS","AWAY","4","9:49",0,3,25,71,85
"911337",911337,270527,"divacvl01","Vlade Divac",2004,"295",168,40904,"SAC","PHO","AWAY","3","00:05.6",1,3,26,74,77
"911355",911355,270545,"divacvl01","Vlade Divac",2004,"305",229,41404,"SAC","GSW","AWAY","3","00:02.9",0,3,26,66,72
"940942",940942,300132,"drumman01","Andre Drummond",2016,"427",240,121615,"DET","BOS","HOME","2","0:00",1,3,37,55,52
"942784",942784,301974,"drumman01","Andre Drummond",2018,"386",187,120117,"DET","WAS","AWAY","2","0:00",0,3,34,52,46
"943444",943444,302634,"drumman01","Andre Drummond",2018,"298",312,40818,"DET","MEM","AWAY","3","9:37",0,3,25,62,66
